Cluster,TotalCustomers,AvgTransactionAmount,AvgTransactionCount,AvgUniqueCategories
0,50,0.3061633893561919,0.36800000000000005,0.62
1,44,0.31854658289345134,0.3954545454545455,0.5833333333333334
2,59,0.34324473092127566,0.41525423728813565,0.615819209039548
3,46,0.3048480216291367,0.43043478260869567,0.644927536231884
